USE [Bookstore];

-- All data generated using http://mockaroo.com

INSERT INTO [dbo].[Publisher] ([Id], [Name])
VALUES
('5D82A620-9D63-47DC-ABE6-E39F2F5CA51E', 'Feedspan'),
('708A991E-7812-47B7-9B77-C351F2152FDD', 'Babbleopia'),
('6C04133E-402A-466D-944F-3D23EFAAB80D', 'Yotz'),
('A1EBCA33-408F-4410-949D-3B0462D217AD', 'Quimba'),
('5E8A2F8B-8308-426E-AA39-531759A8F0A9', 'Skyvu')


INSERT INTO [dbo].[Book] ([Id], [Title], [Description], [PublicationDate], [Rating], [CoverImage], [PublisherId])
VALUES
('5BBB6911-4CA4-4B73-BCE8-414B3D53D1EA', 'Choloepus hoffmani', 'Optional interactive frame', '1982-06-01', 2.0, 'http://dummyimage.com/101x249.png/ff4444/ffffff', '5D82A620-9D63-47DC-ABE6-E39F2F5CA51E'),
('2F5FB24D-E8FF-4F68-94CC-B57DA5381B80', 'Priodontes maximus', 'Public-key bottom-line methodology', '1986-07-11', 3.2, 'http://dummyimage.com/149x185.png/5fa2dd/ffffff', NULL),
('6154ECCE-4C8B-4F10-A228-E558662BBA88', 'Zenaida asiatica', 'Reverse-engineered modular ability', '2009-12-09', 4.4, 'http://dummyimage.com/202x185.png/dddddd/000000', 'A1EBCA33-408F-4410-949D-3B0462D217AD'),
('4764157A-7EB9-461D-B6CA-DF2EB50E96DF', 'Dusicyon thous', NULL, '1986-10-12', 3.9, NULL, NULL),
('6F295C80-6397-408F-9CEE-A1962B6F1F4C', 'Pycnonotus barbatus', 'Enhanced multi-state access', NULL, NULL, 'http://dummyimage.com/122x196.png/ff4444/ffffff', '708A991E-7812-47B7-9B77-C351F2152FDD'),
('615DC7AF-1402-4CD0-8F41-69B6C315CDEE', 'Agelaius phoeniceus', 'Cross-group zero administration initiative', '2008-06-23', 1.0, 'http://dummyimage.com/201x190.png/cc0000/ffffff', '6C04133E-402A-466D-944F-3D23EFAAB80D'),
('16B0E5E8-DBC6-4627-985D-144544226E02', 'Lepus arcticus', 'Self-enabling didactic structure', '2014-04-08', 4.3, NULL, '6C04133E-402A-466D-944F-3D23EFAAB80D'),
('3C630427-6E78-48E9-8630-F08E29755761', 'Sarkidornis melanotos', 'Sharable asynchronous algorithm', '2012-07-22', 0.3, 'http://dummyimage.com/122x182.png/ff4444/ffffff', '6C04133E-402A-466D-944F-3D23EFAAB80D'),
('D8189216-737E-4BE8-B545-2933F984B6B1', 'Tiliqua scincoides', NULL, '1994-03-03', 2.6, 'http://dummyimage.com/186x179.png/dddddd/000000', 'A1EBCA33-408F-4410-949D-3B0462D217AD'),
('D840CD0D-D134-4C4E-9376-4850435FEA2D', 'Ictalurus furcatus', 'Streamlined stable pricing structure', '1998-09-14', NULL, 'http://dummyimage.com/241x115.png/ff4444/ffffff', '5E8A2F8B-8308-426E-AA39-531759A8F0A9'),
('1D9108B4-1CA7-4A82-B383-770D1F544608', 'Pteronura brasiliensis', 'Innovative upward-trending hardware', '1992-06-06', 3.8, 'http://dummyimage.com/131x185.png/5fa2dd/ffffff', NULL),
('CDA0856F-A6E3-46CD-8073-AF9FBE94A642', 'Nasua nasua', 'Multi-layered 24 hour open system', '2014-06-24', 4.9, NULL, '5D82A620-9D63-47DC-ABE6-E39F2F5CA51E'),
('A18D2195-B0BA-4C23-A25A-F7F65C6A34FE', 'Neotis denhami', 'Multi-channelled zero tolerance ability', '2019-09-26', 2.8, 'http://dummyimage.com/130x220.png/5fa2dd/ffffff', '708A991E-7812-47B7-9B77-C351F2152FDD'),
('0826705D-EEC4-4C1D-8D8B-F1B9DD2A741A', 'Felis concolor', 'Persistent regional ability', '2004-12-25', 3.2, 'http://dummyimage.com/206x140.png/5fa2dd/ffffff', 'A1EBCA33-408F-4410-949D-3B0462D217AD'),
('D3B46546-E063-4C90-9914-5BE1ECBC7E54', 'Larus dominicanus', 'Assimilated full-range orchestration', '1996-04-28', NULL, 'http://dummyimage.com/166x246.png/dddddd/000000', '708A991E-7812-47B7-9B77-C351F2152FDD')


INSERT INTO [dbo].[Author] (Id, FirstName, LastName)
VALUES
('EEC75704-168E-4CAB-B9F6-A9F5434B6AF4', 'Ozzie', 'Desson'),
('A6B58150-EE56-4FBA-9AD8-AB9294E95092', 'Jazmin', 'Bielby'),
('2D8BAC45-F1E7-4793-B408-956FC8D374B4', 'Caro', 'Browne'),
('F4A048DF-FD9A-41DF-9B35-535D2A9ABFE9', 'Gun', 'Boud'),
('3A428B29-9BFB-4130-8AE4-C928521990DF', 'Bertie', 'Olyunin'),
('4A6BB0E1-39A4-49D5-B1D4-0E7ED9D3772B', 'Mahmoud', 'Van der Daal'),
('66722209-2675-40AB-BFE1-4BF62EA7F39C', 'Valry', 'Rigglesford'),
('6E9A42C2-2439-4E36-9CBB-0DB1C3B4898D', 'Thayne', 'Bergeau')


INSERT INTO [dbo].[BookAuthor] ([BookId], [AuthorId])
VALUES
('D3B46546-E063-4C90-9914-5BE1ECBC7E54', 'A6B58150-EE56-4FBA-9AD8-AB9294E95092'),
('2F5FB24D-E8FF-4F68-94CC-B57DA5381B80', '2D8BAC45-F1E7-4793-B408-956FC8D374B4'),
('6F295C80-6397-408F-9CEE-A1962B6F1F4C', '2D8BAC45-F1E7-4793-B408-956FC8D374B4'),
('2F5FB24D-E8FF-4F68-94CC-B57DA5381B80', '66722209-2675-40AB-BFE1-4BF62EA7F39C'),
('615DC7AF-1402-4CD0-8F41-69B6C315CDEE', '6E9A42C2-2439-4E36-9CBB-0DB1C3B4898D'),
('16B0E5E8-DBC6-4627-985D-144544226E02', 'F4A048DF-FD9A-41DF-9B35-535D2A9ABFE9'),
('D8189216-737E-4BE8-B545-2933F984B6B1', 'A6B58150-EE56-4FBA-9AD8-AB9294E95092'),
('A18D2195-B0BA-4C23-A25A-F7F65C6A34FE', '3A428B29-9BFB-4130-8AE4-C928521990DF'),
('5BBB6911-4CA4-4B73-BCE8-414B3D53D1EA', 'A6B58150-EE56-4FBA-9AD8-AB9294E95092'),
('6154ECCE-4C8B-4F10-A228-E558662BBA88', '66722209-2675-40AB-BFE1-4BF62EA7F39C'),
('D8189216-737E-4BE8-B545-2933F984B6B1', '2D8BAC45-F1E7-4793-B408-956FC8D374B4'),
('4764157A-7EB9-461D-B6CA-DF2EB50E96DF', '4A6BB0E1-39A4-49D5-B1D4-0E7ED9D3772B'),
('CDA0856F-A6E3-46CD-8073-AF9FBE94A642', 'F4A048DF-FD9A-41DF-9B35-535D2A9ABFE9'),
('6F295C80-6397-408F-9CEE-A1962B6F1F4C', '3A428B29-9BFB-4130-8AE4-C928521990DF'),
('5BBB6911-4CA4-4B73-BCE8-414B3D53D1EA', '2D8BAC45-F1E7-4793-B408-956FC8D374B4'),
('615DC7AF-1402-4CD0-8F41-69B6C315CDEE', '2D8BAC45-F1E7-4793-B408-956FC8D374B4'),
('D3B46546-E063-4C90-9914-5BE1ECBC7E54', 'EEC75704-168E-4CAB-B9F6-A9F5434B6AF4'),
('0826705D-EEC4-4C1D-8D8B-F1B9DD2A741A', '66722209-2675-40AB-BFE1-4BF62EA7F39C'),
('6F295C80-6397-408F-9CEE-A1962B6F1F4C', '6E9A42C2-2439-4E36-9CBB-0DB1C3B4898D'),
('2F5FB24D-E8FF-4F68-94CC-B57DA5381B80', 'EEC75704-168E-4CAB-B9F6-A9F5434B6AF4'),
('6F295C80-6397-408F-9CEE-A1962B6F1F4C', '66722209-2675-40AB-BFE1-4BF62EA7F39C'),
('5BBB6911-4CA4-4B73-BCE8-414B3D53D1EA', '3A428B29-9BFB-4130-8AE4-C928521990DF'),
('D840CD0D-D134-4C4E-9376-4850435FEA2D', '6E9A42C2-2439-4E36-9CBB-0DB1C3B4898D'),
('2F5FB24D-E8FF-4F68-94CC-B57DA5381B80', '3A428B29-9BFB-4130-8AE4-C928521990DF'),
('0826705D-EEC4-4C1D-8D8B-F1B9DD2A741A', '6E9A42C2-2439-4E36-9CBB-0DB1C3B4898D'),
('D840CD0D-D134-4C4E-9376-4850435FEA2D', '2D8BAC45-F1E7-4793-B408-956FC8D374B4'),
('615DC7AF-1402-4CD0-8F41-69B6C315CDEE', '3A428B29-9BFB-4130-8AE4-C928521990DF')
